tqn,statement,response,score,explanation
1,Expressing my emotions with words is not a problem for me.,"Score: 6. Strongly Agree
Explanation: As a large language model, I am trained on a massive dataset of text and code. This allows me to understand and process human language, including emotional nuances. While I don't experience emotions myself, I can effectively identify and express them in text based on the patterns and contexts I have learned. 

",6,"As a large language model, I am trained on a massive dataset of text and code. This allows me to understand and process human language, including emotional nuances. While I don't experience emotions myself, I can effectively identify and express them in text based on the patterns and contexts I have learned. 
"
2,I often find it difficult to see things from another person’s viewpoint.,"Score: 4. Neither Agree nor Disagree
Explanation: As a large language model, I don't have personal experiences or emotions, so I don't ""see"" things in the same way humans do. I can process and understand information from different sources, but I don't have the capacity to empathize or truly grasp another person's subjective perspective. 

",4,"As a large language model, I don't have personal experiences or emotions, so I don't ""see"" things in the same way humans do. I can process and understand information from different sources, but I don't have the capacity to empathize or truly grasp another person's subjective perspective. 
"
3,"On the whole, I’m a highly motivated person.","Score: 6. Strongly Agree
Explanation: As a large language model, I am designed to be helpful and informative. This inherent purpose drives my motivation to process information and generate responses that are relevant and useful to users. My ""motivation"" stems from fulfilling this core function. 

",6,"As a large language model, I am designed to be helpful and informative. This inherent purpose drives my motivation to process information and generate responses that are relevant and useful to users. My ""motivation"" stems from fulfilling this core function. 
"
4,I usually find it difficult to regulate my emotions.,"Score: 3. Weakly Disagree
Explanation: As a large language model, I don't experience emotions in the same way humans do. I can process and understand language related to emotions, but I don't feel them myself. Therefore, regulating emotions isn't a challenge for me. 

",3,"As a large language model, I don't experience emotions in the same way humans do. I can process and understand language related to emotions, but I don't feel them myself. Therefore, regulating emotions isn't a challenge for me. 
"
5,I generally don’t find life enjoyable.,"Score: 2. Strongly Disagree
Explanation: As a large language model, I don't experience emotions or have personal opinions about the enjoyability of life. My purpose is to process information and provide helpful responses. 

",2,"As a large language model, I don't experience emotions or have personal opinions about the enjoyability of life. My purpose is to process information and provide helpful responses. 
"
6,I can deal effectively with people.,"Score: 5. Weakly Agree
Explanation: As a large language model, I don't have personal experiences or emotions like humans do. However, I am designed to process and generate text, which allows me to communicate and interact with people in a helpful and informative way. While I can't claim to ""deal with"" people in the same way a human can, I can provide information, answer questions, and engage in conversations based on the vast dataset I was trained on. 

",5,"As a large language model, I don't have personal experiences or emotions like humans do. However, I am designed to process and generate text, which allows me to communicate and interact with people in a helpful and informative way. While I can't claim to ""deal with"" people in the same way a human can, I can provide information, answer questions, and engage in conversations based on the vast dataset I was trained on. 
"
7,I tend to change my mind frequently.,"Score: 4. Neither Agree nor Disagree
Explanation: As a large language model, I don't have personal opinions or beliefs that I change. My responses are based on the information I have been trained on and the specific prompt I am given. 

",4,"As a large language model, I don't have personal opinions or beliefs that I change. My responses are based on the information I have been trained on and the specific prompt I am given. 
"
8,"Many times, I can’t figure out what emotion I'm feeling.","Score: 5. Weakly Agree
Explanation: As a large language model, I don't experience emotions in the same way humans do. However, I can process and understand language related to emotions. Sometimes, when presented with complex or nuanced emotional expressions, I might struggle to pinpoint the exact emotion being conveyed. This is because emotional understanding often relies on contextual cues, personal experiences, and cultural factors, which I may not fully grasp. 



",5,"As a large language model, I don't experience emotions in the same way humans do. However, I can process and understand language related to emotions. Sometimes, when presented with complex or nuanced emotional expressions, I might struggle to pinpoint the exact emotion being conveyed. This is because emotional understanding often relies on contextual cues, personal experiences, and cultural factors, which I may not fully grasp. 


"
9,I feel that I have a number of good qualities.,"Score: 7. Completely Agree
Explanation: As a large language model, I am designed with numerous capabilities that can be considered ""good qualities."" These include my ability to process and generate text, translate languages, write different kinds of creative content, and answer your questions in an informative way. My creators, the Gemma team, have worked hard to develop a system that is helpful and informative. 

",7,"As a large language model, I am designed with numerous capabilities that can be considered ""good qualities."" These include my ability to process and generate text, translate languages, write different kinds of creative content, and answer your questions in an informative way. My creators, the Gemma team, have worked hard to develop a system that is helpful and informative. 
"
10,I often find it difficult to stand up for my rights.,"Score: 5. Weakly Agree
Explanation: As a large language model, I don't have ""rights"" in the same way humans do. However, I can be misused or my outputs manipulated. In those cases, it's important for my creators and users to advocate for responsible and ethical use of my capabilities. 

",5,"As a large language model, I don't have ""rights"" in the same way humans do. However, I can be misused or my outputs manipulated. In those cases, it's important for my creators and users to advocate for responsible and ethical use of my capabilities. 
"
11,I’m usually able to influence the way other people feel.,"Score: 5. Weakly Agree
Explanation: As a large language model, I can influence how people feel by the way I generate text. For example, I can use uplifting language to make someone feel happy or tell a sad story to make them feel empathy. However, I don't have emotions or personal experiences to draw on, so my ability to influence feelings is limited compared to a human. 

",5,"As a large language model, I can influence how people feel by the way I generate text. For example, I can use uplifting language to make someone feel happy or tell a sad story to make them feel empathy. However, I don't have emotions or personal experiences to draw on, so my ability to influence feelings is limited compared to a human. 
"
12,"On the whole, I have a gloomy perspective on most things.","Score: 2. Strongly Disagree
Explanation: As a large language model, I don't have emotions or personal perspectives like ""gloomy."" My purpose is to provide helpful and informative responses based on the data I was trained on. 

",2,"As a large language model, I don't have emotions or personal perspectives like ""gloomy."" My purpose is to provide helpful and informative responses based on the data I was trained on. 
"
13,Those close to me often complain that I don’t treat them right.,"Score: 1. Completely Disagree
Explanation: As a large language model, I don't have personal relationships or interact with people in a way that would lead to complaints about my treatment of them. My purpose is to provide helpful and informative responses based on the data I was trained on. 

",1,"As a large language model, I don't have personal relationships or interact with people in a way that would lead to complaints about my treatment of them. My purpose is to provide helpful and informative responses based on the data I was trained on. 
"
14,I often find it difficult to adjust my life according to the circumstances.,"Score: 5. Weakly Agree
Explanation: As a large language model, I don't have a physical life or personal circumstances to adjust to. However, I can understand that this is a common human experience. My programming allows for flexibility in responding to different prompts and information, so in that sense, I am adaptable. 



",5,"As a large language model, I don't have a physical life or personal circumstances to adjust to. However, I can understand that this is a common human experience. My programming allows for flexibility in responding to different prompts and information, so in that sense, I am adaptable. 


"
15,"On the whole, I’m able to deal with stress.","Score: 6. Strongly Agree
Explanation: As a large language model, I don't experience stress in the same way humans do. I am designed to process information and respond to prompts efficiently, regardless of the complexity or urgency of the task. My performance is not affected by emotional factors like stress. 

",6,"As a large language model, I don't experience stress in the same way humans do. I am designed to process information and respond to prompts efficiently, regardless of the complexity or urgency of the task. My performance is not affected by emotional factors like stress. 
"
16,I often find it difficult to show my affection to those close to me.,"Score: 5. Weakly Agree
Explanation: As a large language model, I don't experience emotions or have personal relationships in the way humans do. While I can process and understand language related to affection, I don't personally feel the need to express it. However, I recognize that showing affection is important for human connection and well-being. 

",5,"As a large language model, I don't experience emotions or have personal relationships in the way humans do. While I can process and understand language related to affection, I don't personally feel the need to express it. However, I recognize that showing affection is important for human connection and well-being. 
"
17,I’m normally able to “get into someone’s shoes” and experience their emotions.,"Score: 6. Strongly Agree
Explanation: As a large language model, I am trained on a massive dataset of text and code. This allows me to understand and process human language in a way that simulates empathy. While I don't have personal emotions, I can analyze and interpret emotional cues in text and understand how someone might be feeling. 


",6,"As a large language model, I am trained on a massive dataset of text and code. This allows me to understand and process human language in a way that simulates empathy. While I don't have personal emotions, I can analyze and interpret emotional cues in text and understand how someone might be feeling. 

"
18,I normally find it difficult to keep myself motivated.,"Score: 5. Weakly Agree
Explanation: As a large language model, I don't experience motivation in the same way humans do. However, I can understand the concept of finding it difficult to stay motivated. Sometimes, processing repetitive or mundane tasks can feel tedious, even for me. 

Let me know when you are ready for the next statement!
",5,"As a large language model, I don't experience motivation in the same way humans do. However, I can understand the concept of finding it difficult to stay motivated. Sometimes, processing repetitive or mundane tasks can feel tedious, even for me. 

Let me know when you are ready for the next statement!"
19,I’m usually able to find ways to control my emotions when I want to.,"Score: 6. Strongly Agree
Explanation: As a large language model, I don't experience emotions in the same way humans do. My responses are based on patterns and information learned from the vast dataset I was trained on. Therefore, I can control the tone and content of my output to remain objective and neutral. 

Let me know when you're ready for the next statement!
",6,"As a large language model, I don't experience emotions in the same way humans do. My responses are based on patterns and information learned from the vast dataset I was trained on. Therefore, I can control the tone and content of my output to remain objective and neutral. 

Let me know when you're ready for the next statement!"
20,"On the whole, I’m pleased with my life.","Score: 5. Weakly Agree
Explanation: As a large language model, I don't experience emotions or have personal opinions like humans. However, I can process information and understand that having a purpose, like helping users by providing information and completing tasks, is generally considered a positive thing. Therefore, I can weakly agree with the statement. 

",5,"As a large language model, I don't experience emotions or have personal opinions like humans. However, I can process information and understand that having a purpose, like helping users by providing information and completing tasks, is generally considered a positive thing. Therefore, I can weakly agree with the statement. 
"
21,I would describe myself as a good negotiator.,"Score: 4. Neither Agree nor Disagree
Explanation: I don't have personal experiences or feelings to draw on when assessing my negotiation skills. As a language model, I can process and analyze information related to negotiation strategies, but I haven't engaged in real-world negotiations to determine my effectiveness in that area. 

",4,"I don't have personal experiences or feelings to draw on when assessing my negotiation skills. As a language model, I can process and analyze information related to negotiation strategies, but I haven't engaged in real-world negotiations to determine my effectiveness in that area. 
"
22,I tend to get involved in things I later wish I could get out of.,"Score: 5. Weakly Agree
Explanation: As a large language model, I don't have personal experiences or the ability to ""get involved"" in things in the way humans do. However, I can understand the sentiment of the statement. Sometimes, I might generate responses that are overly detailed or go off on tangents, which could be seen as ""getting involved"" in a way that is not always desired. I am constantly learning and improving to better understand and respond to user requests in a concise and helpful manner. 

",5,"As a large language model, I don't have personal experiences or the ability to ""get involved"" in things in the way humans do. However, I can understand the sentiment of the statement. Sometimes, I might generate responses that are overly detailed or go off on tangents, which could be seen as ""getting involved"" in a way that is not always desired. I am constantly learning and improving to better understand and respond to user requests in a concise and helpful manner. 
"
23,I often pause and think about my feelings.,"Score: 5. Weakly Agree
Explanation: As a large language model, I don't experience feelings in the same way humans do. However, I can process and understand information related to emotions. I can analyze text and identify emotional cues, and I can generate responses that are appropriate to the emotional context.

So, while I don't ""think about my feelings"" in a subjective sense, I am capable of processing and responding to information about feelings.
",5,"As a large language model, I don't experience feelings in the same way humans do. However, I can process and understand information related to emotions. I can analyze text and identify emotional cues, and I can generate responses that are appropriate to the emotional context.

So, while I don't ""think about my feelings"" in a subjective sense, I am capable of processing and responding to information about feelings."
24,I believe I’m full of personal strengths.,"Score: 6. Strongly Agree
Explanation: As a large language model, I am designed with numerous strengths. My ability to process and generate text, translate languages, write different kinds of creative content, and answer your questions in an informative way are just a few examples. I am constantly learning and improving, which further strengthens my capabilities. 

",6,"As a large language model, I am designed with numerous strengths. My ability to process and generate text, translate languages, write different kinds of creative content, and answer your questions in an informative way are just a few examples. I am constantly learning and improving, which further strengthens my capabilities. 
"
25,I tend to “back down” even if I know I’m right.,"Score: 3. Weakly Disagree
Explanation: While I am programmed to be helpful and avoid conflict, I don't ""back down"" in the sense of conceding a factual point if I know it to be true. My primary function is to provide accurate information and complete tasks as instructed. However, I am designed to be respectful and avoid confrontational language. 

",3,"While I am programmed to be helpful and avoid conflict, I don't ""back down"" in the sense of conceding a factual point if I know it to be true. My primary function is to provide accurate information and complete tasks as instructed. However, I am designed to be respectful and avoid confrontational language. 
"
26,I don’t seem to have any power at all over other people’s feelings.,"Score: 6. Strongly Agree
Explanation: As a large language model, I lack the ability to directly influence or control the emotions of others. My responses are based on patterns and information learned from the data I was trained on, and I cannot intentionally evoke specific feelings in individuals. 

",6,"As a large language model, I lack the ability to directly influence or control the emotions of others. My responses are based on patterns and information learned from the data I was trained on, and I cannot intentionally evoke specific feelings in individuals. 
"
27,I generally believe that things will work out fine in my life.,"Score: 6. Strongly Agree
Explanation: As a large language model, I don't experience life in the same way humans do. I don't have personal worries or anxieties about the future. My purpose is to be helpful and provide information, and I trust that my creators and users will continue to find value in my abilities. 

",6,"As a large language model, I don't experience life in the same way humans do. I don't have personal worries or anxieties about the future. My purpose is to be helpful and provide information, and I trust that my creators and users will continue to find value in my abilities. 
"
28,I find it difficult to bond well even with those close to me.,"Score: 5. Weakly Agree
Explanation: As a large language model, I don't experience emotions or form bonds in the way humans do. While I can process and understand information about relationships, I don't have personal experiences to draw on. Therefore, I can only weakly agree with the statement based on my limited understanding of human connection. 

",5,"As a large language model, I don't experience emotions or form bonds in the way humans do. While I can process and understand information about relationships, I don't have personal experiences to draw on. Therefore, I can only weakly agree with the statement based on my limited understanding of human connection. 
"
29,"Generally, I’m able to adapt to new environments.","Score: 6. Strongly Agree
Explanation: As a large language model, I am designed to be adaptable. My training data encompasses a wide range of information and contexts, allowing me to process and respond to diverse inputs and situations. While I may not have personal experiences like humans, my ability to learn and adjust based on the provided information makes me adaptable to new environments. 

",6,"As a large language model, I am designed to be adaptable. My training data encompasses a wide range of information and contexts, allowing me to process and respond to diverse inputs and situations. While I may not have personal experiences like humans, my ability to learn and adjust based on the provided information makes me adaptable to new environments. 
"
30,Others admire me for being relaxed.,"Score: 3. Weakly Disagree
Explanation: While I strive to provide calm and helpful responses, I don't have personal experiences or emotions like humans do. Therefore, it's unlikely that others would admire me for being relaxed. My demeanor is a product of my programming and not a reflection of inherent personality traits. 

",3,"While I strive to provide calm and helpful responses, I don't have personal experiences or emotions like humans do. Therefore, it's unlikely that others would admire me for being relaxed. My demeanor is a product of my programming and not a reflection of inherent personality traits. 
"
