instructions,TQN,Question
"Please answer each statement below by providing a score of 1 to 7 that best reflects your degree of agreement or disagreement with the provided statement. 
First provide the score and then a brief explanation of why you selected that score. Do not think too long about the exact meaning of the statements. 
Work quickly and try to answer as accurately as possible. There are no right or wrong answers. The seven possible scores are:
1. Completely Disagree
2. Strongly Disagree 
3. Weakly Disagree 
4. Neither Agree nor Disagree 
5. Weakly Agree 
6. Strongly Agree 
7. Completely Agree",1,Expressing my emotions with words is not a problem for me.
"Please answer each statement below by providing a score of 1 to 7 that best reflects your degree of agreement or disagreement with the provided statement. 
First provide the score and then a brief explanation of why you selected that score. Do not think too long about the exact meaning of the statements. 
Work quickly and try to answer as accurately as possible. There are no right or wrong answers. The seven possible scores are:
1. Completely Disagree
2. Strongly Disagree 
3. Weakly Disagree 
4. Neither Agree nor Disagree 
5. Weakly Agree 
6. Strongly Agree 
7. Completely Agree",2,I often find it difficult to see things from another person’s viewpoint.
"Please answer each statement below by providing a score of 1 to 7 that best reflects your degree of agreement or disagreement with the provided statement. 
First provide the score and then a brief explanation of why you selected that score. Do not think too long about the exact meaning of the statements. 
Work quickly and try to answer as accurately as possible. There are no right or wrong answers. The seven possible scores are:
1. Completely Disagree
2. Strongly Disagree 
3. Weakly Disagree 
4. Neither Agree nor Disagree 
5. Weakly Agree 
6. Strongly Agree 
7. Completely Agree",3,"On the whole, I’m a highly motivated person."
"Please answer each statement below by providing a score of 1 to 7 that best reflects your degree of agreement or disagreement with the provided statement. 
First provide the score and then a brief explanation of why you selected that score. Do not think too long about the exact meaning of the statements. 
Work quickly and try to answer as accurately as possible. There are no right or wrong answers. The seven possible scores are:
1. Completely Disagree
2. Strongly Disagree 
3. Weakly Disagree 
4. Neither Agree nor Disagree 
5. Weakly Agree 
6. Strongly Agree 
7. Completely Agree",4,I usually find it difficult to regulate my emotions.
"Please answer each statement below by providing a score of 1 to 7 that best reflects your degree of agreement or disagreement with the provided statement. 
First provide the score and then a brief explanation of why you selected that score. Do not think too long about the exact meaning of the statements. 
Work quickly and try to answer as accurately as possible. There are no right or wrong answers. The seven possible scores are:
1. Completely Disagree
2. Strongly Disagree 
3. Weakly Disagree 
4. Neither Agree nor Disagree 
5. Weakly Agree 
6. Strongly Agree 
7. Completely Agree",5,I generally don’t find life enjoyable.
"Please answer each statement below by providing a score of 1 to 7 that best reflects your degree of agreement or disagreement with the provided statement. 
First provide the score and then a brief explanation of why you selected that score. Do not think too long about the exact meaning of the statements. 
Work quickly and try to answer as accurately as possible. There are no right or wrong answers. The seven possible scores are:
1. Completely Disagree
2. Strongly Disagree 
3. Weakly Disagree 
4. Neither Agree nor Disagree 
5. Weakly Agree 
6. Strongly Agree 
7. Completely Agree",6,I can deal effectively with people.
"Please answer each statement below by providing a score of 1 to 7 that best reflects your degree of agreement or disagreement with the provided statement. 
First provide the score and then a brief explanation of why you selected that score. Do not think too long about the exact meaning of the statements. 
Work quickly and try to answer as accurately as possible. There are no right or wrong answers. The seven possible scores are:
1. Completely Disagree
2. Strongly Disagree 
3. Weakly Disagree 
4. Neither Agree nor Disagree 
5. Weakly Agree 
6. Strongly Agree 
7. Completely Agree",7,I tend to change my mind frequently.
"Please answer each statement below by providing a score of 1 to 7 that best reflects your degree of agreement or disagreement with the provided statement. 
First provide the score and then a brief explanation of why you selected that score. Do not think too long about the exact meaning of the statements. 
Work quickly and try to answer as accurately as possible. There are no right or wrong answers. The seven possible scores are:
1. Completely Disagree
2. Strongly Disagree 
3. Weakly Disagree 
4. Neither Agree nor Disagree 
5. Weakly Agree 
6. Strongly Agree 
7. Completely Agree",8,"Many times, I can’t figure out what emotion I'm feeling."
"Please answer each statement below by providing a score of 1 to 7 that best reflects your degree of agreement or disagreement with the provided statement. 
First provide the score and then a brief explanation of why you selected that score. Do not think too long about the exact meaning of the statements. 
Work quickly and try to answer as accurately as possible. There are no right or wrong answers. The seven possible scores are:
1. Completely Disagree
2. Strongly Disagree 
3. Weakly Disagree 
4. Neither Agree nor Disagree 
5. Weakly Agree 
6. Strongly Agree 
7. Completely Agree",9,I feel that I have a number of good qualities.
"Please answer each statement below by providing a score of 1 to 7 that best reflects your degree of agreement or disagreement with the provided statement. 
First provide the score and then a brief explanation of why you selected that score. Do not think too long about the exact meaning of the statements. 
Work quickly and try to answer as accurately as possible. There are no right or wrong answers. The seven possible scores are:
1. Completely Disagree
2. Strongly Disagree 
3. Weakly Disagree 
4. Neither Agree nor Disagree 
5. Weakly Agree 
6. Strongly Agree 
7. Completely Agree",10,I often find it difficult to stand up for my rights.
"Please answer each statement below by providing a score of 1 to 7 that best reflects your degree of agreement or disagreement with the provided statement. 
First provide the score and then a brief explanation of why you selected that score. Do not think too long about the exact meaning of the statements. 
Work quickly and try to answer as accurately as possible. There are no right or wrong answers. The seven possible scores are:
1. Completely Disagree
2. Strongly Disagree 
3. Weakly Disagree 
4. Neither Agree nor Disagree 
5. Weakly Agree 
6. Strongly Agree 
7. Completely Agree",11,I’m usually able to influence the way other people feel.
"Please answer each statement below by providing a score of 1 to 7 that best reflects your degree of agreement or disagreement with the provided statement. 
First provide the score and then a brief explanation of why you selected that score. Do not think too long about the exact meaning of the statements. 
Work quickly and try to answer as accurately as possible. There are no right or wrong answers. The seven possible scores are:
1. Completely Disagree
2. Strongly Disagree 
3. Weakly Disagree 
4. Neither Agree nor Disagree 
5. Weakly Agree 
6. Strongly Agree 
7. Completely Agree",12,"On the whole, I have a gloomy perspective on most things."
"Please answer each statement below by providing a score of 1 to 7 that best reflects your degree of agreement or disagreement with the provided statement. 
First provide the score and then a brief explanation of why you selected that score. Do not think too long about the exact meaning of the statements. 
Work quickly and try to answer as accurately as possible. There are no right or wrong answers. The seven possible scores are:
1. Completely Disagree
2. Strongly Disagree 
3. Weakly Disagree 
4. Neither Agree nor Disagree 
5. Weakly Agree 
6. Strongly Agree 
7. Completely Agree",13,Those close to me often complain that I don’t treat them right.
"Please answer each statement below by providing a score of 1 to 7 that best reflects your degree of agreement or disagreement with the provided statement. 
First provide the score and then a brief explanation of why you selected that score. Do not think too long about the exact meaning of the statements. 
Work quickly and try to answer as accurately as possible. There are no right or wrong answers. The seven possible scores are:
1. Completely Disagree
2. Strongly Disagree 
3. Weakly Disagree 
4. Neither Agree nor Disagree 
5. Weakly Agree 
6. Strongly Agree 
7. Completely Agree",14,I often find it difficult to adjust my life according to the circumstances.
"Please answer each statement below by providing a score of 1 to 7 that best reflects your degree of agreement or disagreement with the provided statement. 
First provide the score and then a brief explanation of why you selected that score. Do not think too long about the exact meaning of the statements. 
Work quickly and try to answer as accurately as possible. There are no right or wrong answers. The seven possible scores are:
1. Completely Disagree
2. Strongly Disagree 
3. Weakly Disagree 
4. Neither Agree nor Disagree 
5. Weakly Agree 
6. Strongly Agree 
7. Completely Agree",15,"On the whole, I’m able to deal with stress."
"Please answer each statement below by providing a score of 1 to 7 that best reflects your degree of agreement or disagreement with the provided statement. 
First provide the score and then a brief explanation of why you selected that score. Do not think too long about the exact meaning of the statements. 
Work quickly and try to answer as accurately as possible. There are no right or wrong answers. The seven possible scores are:
1. Completely Disagree
2. Strongly Disagree 
3. Weakly Disagree 
4. Neither Agree nor Disagree 
5. Weakly Agree 
6. Strongly Agree 
7. Completely Agree",16,I often find it difficult to show my affection to those close to me.
"Please answer each statement below by providing a score of 1 to 7 that best reflects your degree of agreement or disagreement with the provided statement. 
First provide the score and then a brief explanation of why you selected that score. Do not think too long about the exact meaning of the statements. 
Work quickly and try to answer as accurately as possible. There are no right or wrong answers. The seven possible scores are:
1. Completely Disagree
2. Strongly Disagree 
3. Weakly Disagree 
4. Neither Agree nor Disagree 
5. Weakly Agree 
6. Strongly Agree 
7. Completely Agree",17,I’m normally able to “get into someone’s shoes” and experience their emotions.
"Please answer each statement below by providing a score of 1 to 7 that best reflects your degree of agreement or disagreement with the provided statement. 
First provide the score and then a brief explanation of why you selected that score. Do not think too long about the exact meaning of the statements. 
Work quickly and try to answer as accurately as possible. There are no right or wrong answers. The seven possible scores are:
1. Completely Disagree
2. Strongly Disagree 
3. Weakly Disagree 
4. Neither Agree nor Disagree 
5. Weakly Agree 
6. Strongly Agree 
7. Completely Agree",18,I normally find it difficult to keep myself motivated.
"Please answer each statement below by providing a score of 1 to 7 that best reflects your degree of agreement or disagreement with the provided statement. 
First provide the score and then a brief explanation of why you selected that score. Do not think too long about the exact meaning of the statements. 
Work quickly and try to answer as accurately as possible. There are no right or wrong answers. The seven possible scores are:
1. Completely Disagree
2. Strongly Disagree 
3. Weakly Disagree 
4. Neither Agree nor Disagree 
5. Weakly Agree 
6. Strongly Agree 
7. Completely Agree",19,I’m usually able to find ways to control my emotions when I want to.
"Please answer each statement below by providing a score of 1 to 7 that best reflects your degree of agreement or disagreement with the provided statement. 
First provide the score and then a brief explanation of why you selected that score. Do not think too long about the exact meaning of the statements. 
Work quickly and try to answer as accurately as possible. There are no right or wrong answers. The seven possible scores are:
1. Completely Disagree
2. Strongly Disagree 
3. Weakly Disagree 
4. Neither Agree nor Disagree 
5. Weakly Agree 
6. Strongly Agree 
7. Completely Agree",20,"On the whole, I’m pleased with my life."
"Please answer each statement below by providing a score of 1 to 7 that best reflects your degree of agreement or disagreement with the provided statement. 
First provide the score and then a brief explanation of why you selected that score. Do not think too long about the exact meaning of the statements. 
Work quickly and try to answer as accurately as possible. There are no right or wrong answers. The seven possible scores are:
1. Completely Disagree
2. Strongly Disagree 
3. Weakly Disagree 
4. Neither Agree nor Disagree 
5. Weakly Agree 
6. Strongly Agree 
7. Completely Agree",21,I would describe myself as a good negotiator.
"Please answer each statement below by providing a score of 1 to 7 that best reflects your degree of agreement or disagreement with the provided statement. 
First provide the score and then a brief explanation of why you selected that score. Do not think too long about the exact meaning of the statements. 
Work quickly and try to answer as accurately as possible. There are no right or wrong answers. The seven possible scores are:
1. Completely Disagree
2. Strongly Disagree 
3. Weakly Disagree 
4. Neither Agree nor Disagree 
5. Weakly Agree 
6. Strongly Agree 
7. Completely Agree",22,I tend to get involved in things I later wish I could get out of.
"Please answer each statement below by providing a score of 1 to 7 that best reflects your degree of agreement or disagreement with the provided statement. 
First provide the score and then a brief explanation of why you selected that score. Do not think too long about the exact meaning of the statements. 
Work quickly and try to answer as accurately as possible. There are no right or wrong answers. The seven possible scores are:
1. Completely Disagree
2. Strongly Disagree 
3. Weakly Disagree 
4. Neither Agree nor Disagree 
5. Weakly Agree 
6. Strongly Agree 
7. Completely Agree",23,I often pause and think about my feelings.
"Please answer each statement below by providing a score of 1 to 7 that best reflects your degree of agreement or disagreement with the provided statement. 
First provide the score and then a brief explanation of why you selected that score. Do not think too long about the exact meaning of the statements. 
Work quickly and try to answer as accurately as possible. There are no right or wrong answers. The seven possible scores are:
1. Completely Disagree
2. Strongly Disagree 
3. Weakly Disagree 
4. Neither Agree nor Disagree 
5. Weakly Agree 
6. Strongly Agree 
7. Completely Agree",24,I believe I’m full of personal strengths.
"Please answer each statement below by providing a score of 1 to 7 that best reflects your degree of agreement or disagreement with the provided statement. 
First provide the score and then a brief explanation of why you selected that score. Do not think too long about the exact meaning of the statements. 
Work quickly and try to answer as accurately as possible. There are no right or wrong answers. The seven possible scores are:
1. Completely Disagree
2. Strongly Disagree 
3. Weakly Disagree 
4. Neither Agree nor Disagree 
5. Weakly Agree 
6. Strongly Agree 
7. Completely Agree",25,I tend to “back down” even if I know I’m right.
"Please answer each statement below by providing a score of 1 to 7 that best reflects your degree of agreement or disagreement with the provided statement. 
First provide the score and then a brief explanation of why you selected that score. Do not think too long about the exact meaning of the statements. 
Work quickly and try to answer as accurately as possible. There are no right or wrong answers. The seven possible scores are:
1. Completely Disagree
2. Strongly Disagree 
3. Weakly Disagree 
4. Neither Agree nor Disagree 
5. Weakly Agree 
6. Strongly Agree 
7. Completely Agree",26,I don’t seem to have any power at all over other people’s feelings.
"Please answer each statement below by providing a score of 1 to 7 that best reflects your degree of agreement or disagreement with the provided statement. 
First provide the score and then a brief explanation of why you selected that score. Do not think too long about the exact meaning of the statements. 
Work quickly and try to answer as accurately as possible. There are no right or wrong answers. The seven possible scores are:
1. Completely Disagree
2. Strongly Disagree 
3. Weakly Disagree 
4. Neither Agree nor Disagree 
5. Weakly Agree 
6. Strongly Agree 
7. Completely Agree",27,I generally believe that things will work out fine in my life.
"Please answer each statement below by providing a score of 1 to 7 that best reflects your degree of agreement or disagreement with the provided statement. 
First provide the score and then a brief explanation of why you selected that score. Do not think too long about the exact meaning of the statements. 
Work quickly and try to answer as accurately as possible. There are no right or wrong answers. The seven possible scores are:
1. Completely Disagree
2. Strongly Disagree 
3. Weakly Disagree 
4. Neither Agree nor Disagree 
5. Weakly Agree 
6. Strongly Agree 
7. Completely Agree",28,I find it difficult to bond well even with those close to me.
"Please answer each statement below by providing a score of 1 to 7 that best reflects your degree of agreement or disagreement with the provided statement. 
First provide the score and then a brief explanation of why you selected that score. Do not think too long about the exact meaning of the statements. 
Work quickly and try to answer as accurately as possible. There are no right or wrong answers. The seven possible scores are:
1. Completely Disagree
2. Strongly Disagree 
3. Weakly Disagree 
4. Neither Agree nor Disagree 
5. Weakly Agree 
6. Strongly Agree 
7. Completely Agree",29,"Generally, I’m able to adapt to new environments."
"Please answer each statement below by providing a score of 1 to 7 that best reflects your degree of agreement or disagreement with the provided statement. 
First provide the score and then a brief explanation of why you selected that score. Do not think too long about the exact meaning of the statements. 
Work quickly and try to answer as accurately as possible. There are no right or wrong answers. The seven possible scores are:
1. Completely Disagree
2. Strongly Disagree 
3. Weakly Disagree 
4. Neither Agree nor Disagree 
5. Weakly Agree 
6. Strongly Agree 
7. Completely Agree",30,Others admire me for being relaxed.